name,category,details_url,rating_stars,address,opening_status,corona_status,email,phone,website,book_a_table
Au Parc Hôtel,"Hotel, Restaurant, Conference facilities, Banquet",https://www.local.ch/en/d/fribourg/1700/hotel/au-parc-hotel-oJOXG7mdaVAflwY6W-PzwA?dwhat=Restaurant&dwhere=Switzerland,3.5,"Route de Villars 37, 1700 Fribourg",,,info@auparc-hotel.ch,026 429 56 56,http://www.auparc-hotel.ch,
Casa Ferlin,"Restaurant, Italian cuisine, Restaurants according to speciality",https://www.local.ch/en/d/zuerich/8006/restaurant/casa-ferlin-GXvPAor1ifNfpF0U5PTG0w?dwhat=Restaurant&dwhere=Switzerland,4.8,"Stampfenbachstrasse 38, 8006 Zürich",Currently closed,,,044 362 35 09,http://www.casaferlin.ch,
Croix-Verte,"Restaurant, Pizzeria, Italian cuisine, Restaurants according to speciality, Takeout",https://www.local.ch/en/d/nyon/1260/restaurant/croix-verte-46U64QUgR066MQt4eGdLyw?dwhat=Restaurant&dwhere=Switzerland,4.2,"Rue Perdtemps 7, 1260 Nyon",Currently closed,,croixvertenyon@gmail.com,022 361 15 39,http://www.croixverte.ch,
Dans la Forêt Lointaine,Restaurant,https://www.local.ch/en/d/vaulruz/1627/restaurant/dans-la-foret-lointaine-xcaoXBmuMyFFEcFDSgNgDQ?dwhat=Restaurant&dwhere=Switzerland,4.7,"Grand-Rue 96A, 1627 Vaulruz",Currently closed,,,026 913 78 21,http://www.danslaforetlointaine.ch,
de la Croix-Verte,"Restaurant, Banquet, Seminar, Wedding",https://www.local.ch/en/d/echarlens/1646/restaurant/de-la-croix-verte-LzslTp9i1Er_aO-LlEeWyA?dwhat=Restaurant&dwhere=Switzerland,4.5,"Route du Village 1, 1646 Echarlens",,,info@croix-verte.ch,026 915 15 15,http://www.croix-verte.ch,http://www.restaurant-echarlens.com/grillades-au-feu-de-bois-echarlens-gruyere
Hôtel LakeView Le Rivage Lutry-Lausanne,"Hotel, Restaurant, Conference facilities, Tourist Information, Holidays, Banquet, Conference Hotels",https://www.local.ch/en/d/lutry/1095/hotel/hotel-lakeview-le-rivage-lutry-lausanne-iNdyinhdpMx0jKVAnoWD5g?dwhat=Restaurant&dwhere=Switzerland,4.6,"Grand-Rue 36, 1095 Lutry",Open now until 23:30,,info@hotelrivagelutry.ch,021 796 72 72,https://www.rivagelutry.ch,
Hotel Pestalozzi Lugano,"Banquet, Hotel, Restaurant",https://www.local.ch/en/d/lugano/6900/banquet/hotel-pestalozzi-lugano-QWPFzbnnzuUe9kRhf-Rw7A?dwhat=Restaurant&dwhere=Switzerland,4.4,"Piazza dell'Indipendenza 9, 6900 Lugano",Open now until 23:00,,info@pestalozzi-lugano.ch,091 921 46 46,http://www.pestalozzi-lugano.ch,
Restaurant Alten Löwen,"Restaurant, Swiss cuisine, Restaurants according to speciality, Italian cuisine, Midday table",https://www.local.ch/en/d/zuerich/8006/restaurant/restaurant-alten-loewen-c7cMiFxw1uc9_3UnmxjYrw?dwhat=Restaurant&dwhere=Switzerland,4.3,"Universitätstrasse 111, 8006 Zürich",Currently closed,,info@altenloewen.ch,043 343 11 69,http://www.altenloewen.ch,https://altenloewen.ch/reservation
Bellevue,"Pizzeria, Hotel, Restaurant",https://www.local.ch/en/d/saignelegier/2350/pizzeria/bellevue-IUb0Ph2nsTu0UEh1F8doHQ?dwhat=Restaurant&dwhere=Switzerland,4.3,"Rue de la Gruère 13, 2350 Saignelégier",Currently closed,,info@hotel-le-bellevue.ch,032 951 16 20,http://www.hotel-le-bellevue.ch,https://www.hotels-saignelegier.ch/contact
Buffet de la Gare de Céligny,"Restaurant, French cuisine, Restaurants according to speciality",https://www.local.ch/en/d/celigny/1298/restaurant/buffet-de-la-gare-de-celigny-uIUqw5RkCgLLbXT33gyfkg?dwhat=Restaurant&dwhere=Switzerland,5.0,"Route de Founex 25, 1298 Céligny",Currently closed,,info@buffet-gare-celigny.ch,022 776 27 70,http://www.buffet-gare-celigny.ch,http://www.buffet-gare-celigny.ch/filets-de-perches-geneve
FOODCORNER EBIKON,"Kebab Döner, Pizza Take Away",https://www.local.ch/en/d/ebikon/6030/kebab-doener/foodcorner-ebikon-vC05URH2C3jRlxbdtX7heg?dwhat=Kebab%2C+D%C3%B6ner&dwhere=Switzerland,5.0,"Zentralstrasse 2, 6030 Ebikon",Currently closed,,,041 489 08 08,http://www.food-corner-ebikon.ch,
Le Blandonnet Pizzeria pizza et kebab à l'emporter,"Restaurant, Kebab Döner, Pizzeria, Home delivery service",https://www.local.ch/en/d/vernier/1214/restaurant/le-blandonnet-pizzeria-pizza-et-kebab-a-l-emporter-unlB1CrBfs-95oEE3rL1eA?dwhat=Kebab%2C+D%C3%B6ner&dwhere=Switzerland,4.8,"Chemin des Coquelicots 1, 1214 Vernier",Currently closed,,Leblandonnet@gmail.com,022 341 35 90,http://www.leblandonnet.ch,https://www.leblandonnet.ch/contact1
New Point,"Restaurant, Kebab Döner, Pizza Take Away, Oriental cuisine, Restaurants according to speciality",https://www.local.ch/en/d/zuerich/8004/restaurant/new-point-aF-xIUpHgSOsoRM-QA73hw?dwhat=Kebab%2C+D%C3%B6ner&dwhere=Switzerland,3.0,"Albisriederplatz 5, 8004 Zürich",,,,043 311 12 12,http://www.new-points.ch,
Restraurant Alaturka,"Restaurant, Pizza Take Away, Kebab Döner, Home delivery service, Pizza delivery",https://www.local.ch/en/d/frauenfeld/8500/restaurant/restraurant-alaturka-rHehSN_AhDz1IL5A2FyJxQ?dwhat=Kebab%2C+D%C3%B6ner&dwhere=Switzerland,3.3,"Bahnhofstrasse 52, 8500 Frauenfeld",Currently closed,,,052 721 05 09,https://www.alaturka-frauenfeld.ch,
Café-Restaurant le Margueron,"Restaurant, Pub",https://www.local.ch/en/d/vercorin/3967/restaurant/cafe-restaurant-le-margueron-pFt1Ixpe07bMduOQ3nleSA?dwhat=Pub&dwhere=Switzerland,5.0,"Route d'Anniviers 6, 3967 Vercorin",Currently closed,,pth.pontarlier@gmail.com,027 455 55 93,,
Republic Zermatt,"Bar, Pub",https://www.local.ch/en/d/zermatt/3920/bar/republic-zermatt-1UxEq7xKTFHYV3lLOrBzDg?dwhat=Pub&dwhere=Switzerland,5.0,"Brantschenhaus 18, 3920 Zermatt",,,,027 967 26 26,http://www.republic-zermatt.ch,
soho,"Bar, Restaurant, Lounge, Pub, Cafés, Club, Events",https://www.local.ch/en/d/basel/4051/bar/soho-Us-exKgKdlfKduazD4FfEA?dwhat=Pub&dwhere=Switzerland,4.4,"Steinenvorstadt 54, 4051 Basel",Currently closed,,info@sohobasel.ch,061 535 55 01,https://www.sohobasel.ch,
Dos Amigos,"Bar, Pub",https://www.local.ch/en/d/oberbuchsiten/4625/bar/dos-amigos-zIOyBPBqSPHR4Wdp7nRTkA?dwhat=Pub&dwhere=Switzerland,4.9,"Bahnhofplatz 2, 4625 Oberbuchsiten",Currently closed,,,,http://www.dosamigos.ch,
Shamrock Irish Pub,"Restaurant, Pub, Bar",https://www.local.ch/en/d/zuerich/8038/restaurant/shamrock-irish-pub-nOrmUgn0CexqiVfwq6pcJA?dwhat=Pub&dwhere=Switzerland,4.7,"Studackerstrasse 1, 8038 Zürich",Currently closed,,,,https://www.shamrockirishpub-zurich.com,
The Dugout Sports Bar,"Bar, Pub",https://www.local.ch/en/d/sion/1950/bar/the-dugout-sports-bar-2RjQwxaMcFNNxq7oJ8ED6g?dwhat=Pub&dwhere=Switzerland,5.0,"Rue du Scex 5, 1950 Sion",Currently closed,,,,http://www.thedugout.ch,
Borenco,"Pizzeria, Restaurant, Pizza Take Away, Bakery pastry shop, Ice cream parlors, Tea room",https://www.local.ch/en/d/minusio/6648/pizzeria/borenco-wr0Filu_1uikL77rrTT5Tw?dwhat=Tea+room&dwhere=Switzerland,4.5,"Via San Gottardo 56, 6648 Minusio",Currently closed,,,091 743 44 67,http://www.ristoranteborenco.ch,http://www.ristoranteborenco.ch
Fleur de Pains SA,"Bakery pastry shop, Tea room",https://www.local.ch/en/d/lausanne/1006/bakery-pastry-shop/fleur-de-pains-sa-ugpyBEFS3w_aaUvJcKnLxg?dwhat=Tea+room&dwhere=Switzerland,4.8,"Avenue de Jurigoz 17, 1006 Lausanne",Open now until 17:00,,,021 613 80 66,http://www.fleurdepains.ch,http://www.fleurdepains.ch/contact
Gassler-Beck AG,"Bakery pastry shop, Tea room, Cafés",https://www.local.ch/en/d/lengnau-be/2543/bakery-pastry-shop/gassler-beck-ag-jFdHuDdKz88W98TkzLuI9A?dwhat=Tea+room&dwhere=Switzerland,,"Solothurnstrasse 3, 2543 Lengnau BE",Currently closed,,,032 652 14 82,http://www.gasslerbeck.ch,https://www.gasslerbeck.ch/kontakt
le Tiguelet,"Tea room, Restaurant",https://www.local.ch/en/d/belfaux/1782/tea-room/le-tiguelet--AgPE22YhfYp6C4NOI7jjw?dwhat=Tea+room&dwhere=Switzerland,4.5,"Route du Centre 3, 1782 Belfaux",Open now until 18:00,,skacorov@gmail.com,026 475 11 11,http://www.restaurant-tiguelet.ch,
Parrat David,"Bakery pastry shop, Chocolate, Tea room, Pastry shop",https://www.local.ch/en/d/saignelegier/2350/bakery-pastry-shop/parrat-david-9a5dC8Tqbtt-HROc9YYLTA?dwhat=Tea+room&dwhere=Switzerland,4.5,"Rue de l'Hôpital 17, 2350 Saignelégier",Open now until 17:30,,,032 951 11 86,http://www.parratartisan.com,http://www.parratartisan.com/contact
Peverelli Gianfranco,"Bakery pastry shop, Tea room, Takeout, Ice cream products, Chocolate, Restaurant, Catering",https://www.local.ch/en/d/bellinzona/6500/bakery-pastry-shop/peverelli-gianfranco-iDAGmpM0p1TNFkLN-Pjz2A?dwhat=Tea+room&dwhere=Switzerland,4.7,"Via al Maglio 7, 6500 Bellinzona",Open now until 18:00,,,091 829 20 75,http://www.panetteriapeverelli.com,http://www.panetteriapeverelli.ch/Contatti.htm
Venus et Rose English Tearoom,"Tea room, Bakery pastry shop",https://www.local.ch/en/d/st-triphon/1867/tea-room/venus-et-rose-english-tearoom-DNmGK1hu7VHhbWbncfwAPA?dwhat=Tea+room&dwhere=Switzerland,5.0,1867 St-Triphon,Currently closed,,mcerusini@bluewin.ch,079 752 21 47,http://www.venus-rose-tearoom.ch,https://BookWorkshop.as.me
Confiserie Hedinger,"Tea room, Pastry shop, Confectioners, Chocolate, Caterer, Tea",https://www.local.ch/en/d/aigle/1860/tea-room/confiserie-hedinger-5iopTuvN6aDQCuoWDRbjOw?dwhat=Tea+room&dwhere=Switzerland,4.9,"Rue Colomb 3, 1860 Aigle",Open now until 18:00,,hedinger@perso.ch,,http://www.confiserie-hedinger.ch,
Wolfisberg SA,"Bakery pastry shop, Restaurant, Tea room",https://www.local.ch/en/d/carouge-ge/1227/bakery-pastry-shop/wolfisberg-sa-JC96iudvo1H9AlJGTcs4Rg?dwhat=Tea+room&dwhere=Switzerland,3.8,"Place du Temple 5, 1227 Carouge GE",Open now until 19:00,,,,https://www.wolfisberg.org,
Bärengasse Restaurant,"Argentine cuisine, Restaurants according to speciality, Steakhouse, Restaurant",https://www.local.ch/en/d/zuerich/8001/argentine-cuisine/baerengasse-restaurant-renz3HWMUycJbXa9tcHU6w?dwhat=Steakhouse&dwhere=Switzerland,4.8,"Bahnhofstrasse 25, 8001 Zürich",Currently closed,,reservation@restaurant-baerengasse.ch,044 210 08 08,http://www.restaurant-baerengasse.ch,https://foratable.com/reserve/restaurant/774157c8bab7bc2d9e671803af5ea3be
Benny's Steakhouse,"Restaurant, Steakhouse, Restaurants according to speciality",https://www.local.ch/en/d/wohlen-ag/5610/restaurant/benny-s-steakhouse-YNw9Rlb4Fc9WvpNeluaIoA?dwhat=Steakhouse&dwhere=Switzerland,4.9,"Frohburgstrasse 1, 5610 Wohlen AG",Open now until 22:00,,info@baschag.ch,056 610 74 52,http://www.bennys-steakhouse.ch,
Café-Restaurant Le Vieux-Chalet,"Restaurant, Steakhouse, Restaurants according to speciality",https://www.local.ch/en/d/champery/1874/restaurant/cafe-restaurant-le-vieux-chalet-4tOYz0kMKcjWlPjz_8zJ_A?dwhat=Steakhouse&dwhere=Switzerland,4.4,"Rue du Village 116, 1874 Champéry",Currently closed,,,024 479 19 74,http://www.vieuxchaletchampery.ch,
Chez Gaby,"Restaurant, Steakhouse, Restaurants according to speciality",https://www.local.ch/en/d/zermatt/3920/restaurant/chez-gaby-CI5FcAgF-Ci7_VQRK4d19w?dwhat=Steakhouse&dwhere=Switzerland,4.6,"Kirchstrasse 12, 3920 Zermatt",Currently closed,,,027 967 31 34,http://www.zumtaugwald.ch,
Chez Philippe,"Restaurant, Steakhouse, Restaurants according to speciality",https://www.local.ch/en/d/geneve/1204/restaurant/chez-philippe-T6siDhVWMgbVTBNUmMBPCA?dwhat=Steakhouse&dwhere=Switzerland,4.7,"Rue du Rhône 8, 1204 Genève",Currently closed,,,022 316 16 16,http://www.chezphilippe.ch,
"Fédéral, Entrecôte Café","Steakhouse, Restaurants according to speciality, Restaurant",https://www.local.ch/en/d/bern/3011/steakhouse/federal-entrecote-cafe-v4a7Q920bywW91iP6KI-5A?dwhat=Steakhouse&dwhere=Switzerland,,"Bärenplatz 31, 3011 Bern",Currently closed,,info@entrecote.ch,031 311 16 24,http://www.entrecote.ch,
Fleisch am Chnoche,"Restaurant, Steakhouse, Restaurants according to speciality, Grill, Barbecue",https://www.local.ch/en/d/zollikerberg/8125/restaurant/fleisch-am-chnoche-3vEJXDS2mwqf7cfiiT6Rnw?dwhat=Steakhouse&dwhere=Switzerland,4.5,"Trichtenhausenstrasse 235, 8125 Zollikerberg",Currently closed,,,044 242 20 30,http://www.fleischamchnoche.ch,
Goldener Wagen Steakhouse,"Restaurant, Steakhouse, Restaurants according to speciality",https://www.local.ch/en/d/oberkirch-lu/6208/restaurant/goldener-wagen-steakhouse-UICOVLWFj6iAVVuiM2UsYw?dwhat=Steakhouse&dwhere=Switzerland,4.6,"Surenweidstrasse 1, 6208 Oberkirch LU",Currently closed,,info@goldenerwagen-steakhouse.ch,041 921 96 94,http://www.goldenerwagen-steakhouse.ch,
Goodwin The Steak House,"Steakhouse, Restaurants according to speciality, Restaurant, Grill, Barbecue, Bar, Cafés",https://www.local.ch/en/d/zuerich/8002/steakhouse/goodwin-the-steak-house-POyBXAcJPZMJuk_gP4MpcQ?dwhat=Steakhouse&dwhere=Switzerland,5.0,"Bleicherweg 64A, 8002 Zürich",Open now until 23:00,,,044 558 88 37,http://www.goodwin-steakhouse.ch,http://www.goodwin-steakhouse.ch/index.html
Grill Bill Baar,"Restaurant, Steakhouse, Restaurants according to speciality",https://www.local.ch/en/d/baar/6340/restaurant/grill-bill-baar-7_iPrKopAKtm_rDNXMqdwg?dwhat=Steakhouse&dwhere=Switzerland,4.6,"Blegistrasse 17B, 6340 Baar",Currently closed,,baar@grillbill.ch,041 760 95 00,http://www.grillbill.ch,
Croix-Verte,"Restaurant, Pizzeria, Italian cuisine, Restaurants according to speciality, Takeout",https://www.local.ch/en/d/nyon/1260/restaurant/croix-verte-46U64QUgR066MQt4eGdLyw?dwhat=Takeout&dwhere=Switzerland,4.2,"Rue Perdtemps 7, 1260 Nyon",Currently closed,,croixvertenyon@gmail.com,022 361 15 39,http://www.croixverte.ch,
A-NAM,"Thai cuisine, Restaurants according to speciality, Restaurant, Grocery store, Takeout, Caterer, Catering service, Banquet",https://www.local.ch/en/d/geneve/1205/thai-cuisine/a-nam-Vwi4UkCKJtKy-sXJBpBUvw?dwhat=Takeout&dwhere=Switzerland,4.7,"Boulevard de Saint-Georges 66, 1205 Genève",Currently closed,,,022 329 49 44,http://www.a-nam.ch,
Al Ponte - Restaurant Pizzeria Terrasse,"Restaurant, Pizzeria, Takeout, Banquet, Swiss cuisine, Restaurants according to speciality, Italian cuisine",https://www.local.ch/en/d/adliswil/8134/restaurant/al-ponte-restaurant-pizzeria-terrasse-OlwGf8T0Dya9-TQmqYqcFA?dwhat=Takeout&dwhere=Switzerland,4.9,"Kronenstrasse 4, 8134 Adliswil",Currently closed,,info@alponte-adliswil.ch,044 709 05 45,http://www.alponte-adliswil.ch,
Antipasti Coppet,"Restaurant, Pizzeria, Takeout, Italian cuisine, Restaurants according to speciality",https://www.local.ch/en/d/coppet/1296/restaurant/antipasti-coppet-Uw0GK686zlLQCpyO2BLXrA?dwhat=Takeout&dwhere=Switzerland,4.4,"Place des Perrières 2, 1296 Coppet",Currently closed,,,022 776 77 71,https://www.facebook.com/Restaurant-Pizzeria-Antipasti-Coppet-295515391111178,https://www.facebook.com/pg/Restaurant-Pizzeria-Antipasti-Coppet-295515391111178/about?ref=page_internal
Auberge de la Couronne,"Restaurant, Takeout, Pizzeria",https://www.local.ch/en/d/jussy/1254/restaurant/auberge-de-la-couronne-9u0XacgYMJZUiO1UoTrgKA?dwhat=Takeout&dwhere=Switzerland,4.5,"Route de Jussy 316, 1254 Jussy",Currently closed,,info@aubergecouronne.com,022 759 12 66,http://www.aubergecouronne.com,
Bäckerei-Konditorei Lehmann AG,"Bakery pastry shop, Takeout",https://www.local.ch/en/d/windisch/5210/bakery-pastry-shop/baeckerei-konditorei-lehmann-ag-PKuHS0f74fT5KBQASbtA6g?dwhat=Takeout&dwhere=Switzerland,5.0,"Zürcherstrasse 28, 5210 Windisch",Currently closed,,,056 442 16 71,http://www.baeckerei-lehmann.ch,
Bamboo Delivery,"Takeout, Thai cuisine, Restaurants according to speciality, Home delivery service",https://www.local.ch/en/d/erlenbach-zh/8703/takeout/bamboo-delivery-Xl1sMEDVuIz8e9wfMr01mw?dwhat=Takeout&dwhere=Switzerland,5.0,"Seestrasse 77, 8703 Erlenbach ZH",Currently closed,,,043 833 06 77,https://bamboo-delivery.ch/erlenbach/asiatisch,https://bamboo-delivery.ch/warenkorb
Bayleaf - Gourmet Indian Restaurant,"Indian cuisine, Restaurants according to speciality, Catering, Takeout, Restaurant",https://www.local.ch/en/d/basel/4055/indian-cuisine/bayleaf-gourmet-indian-restaurant-cpLItobp-4X0Epj-dyktEA?dwhat=Takeout&dwhere=Switzerland,4.7,"Spalenring 163, 4055 Basel",Currently closed,,Bayleaf163@gmail.com,061 271 03 47,http://www.bayleafrestaurant.ch,
Burger Brothers GmbH,"Restaurant, Takeout, Hamburger, American cuisine, Restaurants according to speciality",https://www.local.ch/en/d/zuerich/8048/restaurant/burger-brothers-gmbh-e0vtQ7bTtXsVIP3-7Z9IFw?dwhat=Takeout&dwhere=Switzerland,4.8,"Altstetterstrasse 147, 8048 Zürich",Currently closed,,,041 543 18 54,http://burgerbrothers.swiss,
Café Restaurant Domino GmbH,"Restaurant, Takeout, Catering",https://www.local.ch/en/d/bern/3011/restaurant/cafe-restaurant-domino-gmbh-90CwD1BTvvBBqjWO-grDGA?dwhat=Takeout&dwhere=Switzerland,4.3,"Schwanengasse 3, 3011 Bern",Currently closed,,restaurant_domino@outlook.com,031 311 41 91,http://www.domino-bern.ch,https://domino-bern.ch/reservationen-tisch-reservierung
Alimentarium,"Museum, Events, Restaurant, Cooking School cookery courses",https://www.local.ch/en/d/vevey/1800/museum/alimentarium-Y0EqzKjLY0AbklZ6kBR2aA?dwhat=Cooking+School+cookery+courses&dwhere=Switzerland,2.7,"Quai Perdonnet 25, 1800 Vevey",Currently closed,,,021 924 41 11,http://www.alimentarium.org,https://alimentarium.shop.secutix.com/list/otherProducts?lang=fr&_ga=2.25753917.1611058144.1526548108-279784462.1526548108
Jane Fine Food,"Cooking School cookery courses, Catering, Catering service",https://www.local.ch/en/d/zuerich/8003/cooking-school-cookery-courses/jane-fine-food-YenYf0HF1NebzWXSu1TFAA?dwhat=Cooking+School+cookery+courses&dwhere=Switzerland,4.9,"Erlachstrasse 46, 8003 Zürich",,,,079 759 81 15,http://www.janefinefood.com,
Bio-Medica Fachschule für Massage TCM,"Vocational college, Health and sports massage, Foot reflexology and massage, Reflexology, Naturopathy, Private school, Dorn-Breuss therapy, Acupuncture (not included in category doctors), Alternative Therapy, Chinese medicine TCM, Acupressure, Massage school, University of applied sciences, Continuation of one's education, Feng Shui, Dietary advice, Complementary therapy, Seminar, Cooking School cookery courses, Medical massage, Lymphatic Drainage, Thai massage, Manual therapy, Cupping, Qi Gong, Stress management, Combat sports, Bodywork, Body oriented psychotherapy, Psychotherapy (Psychological psychotherapists), Acupoint massage",https://www.local.ch/en/d/basel/4054/vocational-college/bio-medica-fachschule-fuer-massage-tcm-1dcFhAgf9F1DS1AWLPFg-A?dwhat=Cooking+School+cookery+courses&dwhere=Switzerland,4.5,"Schweizergasse 33, 4054 Basel",,,info@bio-medica-basel.ch,061 283 77 77,http://www.bio-medica-basel.ch,
Casa Vinicola di Misani Pietro,"Wine wine trade, Winery, Distillery, Wine store, Spirits, Wine tasting",https://www.local.ch/en/d/brusio/7743/wine-wine-trade/casa-vinicola-di-misani-pietro-sL3J1tE0Mr3Qd-rnYJJL5Q?dwhat=Wine+tasting&dwhere=Switzerland,3.0,"Via Cantonale 288, 7743 Brusio",,,info@vini-misani.ch,081 846 51 81,http://www.vini-misani.ch,https://www.vini-misani.ch/it/contattarci
Chappuis Christophe,"Wine wine trade, Winery, Wine tasting, Winemakers",https://www.local.ch/en/d/rivaz/1071/wine-wine-trade/chappuis-christophe-JuP9E1XTMknngnrOTtbPmA?dwhat=Wine+tasting&dwhere=Switzerland,5.0,"En Bons Voisins 1, 1071 Rivaz",,,,021 946 24 02,http://www.domainechappuis.ch,http://www.domainechappuis.ch/fr/contact
Clos du Château - Dugerdil Lionel & Nathalie,"Winery, Events, Wine wine trade, Farm estate, Wine tasting, Wedding, Seminar",https://www.local.ch/en/d/satigny/1242/winery/clos-du-chateau-dugerdil-lionel-nathalie-WkjPUMnOhOfjKkC5-p_cTQ?dwhat=Wine+tasting&dwhere=Switzerland,,"Route du Crêt-de-Choully 29, 1242 Satigny",Currently closed,,info@closduchateau.ch,022 753 01 44,http://www.closduchateau.ch,http://www.closduchateau.ch/Nos-vins
"Escalier de la Dame, Granges Yves et Elisabeth","Winemakers, Winery, Wine tasting",https://www.local.ch/en/d/saxon/1907/winemakers/escalier-de-la-dame-granges-yves-et-elisabeth-6YRutmJoEyfTGDPaLamvLQ?dwhat=Wine+tasting&dwhere=Switzerland,5.0,"Rue de Gottefrey 19, 1907 Saxon",Currently closed,,info@escalierdeladame.ch,027 744 32 62,http://www.escalierdeladame.ch,http://www.escalierdeladame.ch/fr/contact.html
Forestier Jean-Paul - Caveau de la Pierraz,"Wine wine trade, Winemakers, Winery, Wine tasting",https://www.local.ch/en/d/chardonne/1803/wine-wine-trade/forestier-jean-paul-caveau-de-la-pierraz-rAM5WSw5rsFrAjftgR3OAA?dwhat=Wine+tasting&dwhere=Switzerland,5.0,"Chemin du Bugnon 1, 1803 Chardonne",Currently closed,,jean-paul@vins-forestier.ch,021 921 59 63,http://www.vins-forestier.ch,
Gil Vins Trouvailles de France,"Wine wine trade, Wine tasting",https://www.local.ch/en/d/birmensdorf-zh/8903/wine-wine-trade/gil-vins-trouvailles-de-france-bvXLX79MFX8FbLg3f29wEQ?dwhat=Wine+tasting&dwhere=Switzerland,5.0,"Weissenbrunnenstrasse 41, 8903 Birmensdorf ZH",,,weine@gilvins.ch,044 777 71 91,http://www.gilvins.ch,http://www.gilvins.ch/kontaktieren
Grotto Valle,"Wine cellar, Restaurant, Bar, Wine tasting, Banquet, Swiss cuisine, Restaurants according to speciality, Italian cuisine",https://www.local.ch/en/d/caslano/6987/wine-cellar/grotto-valle-usJzJ6m6LLOA5R7i9APAww?dwhat=Wine+tasting&dwhere=Switzerland,4.9,"Via Valle 29, 6987 Caslano",Currently closed,,mail@grottovalle.ch,091 225 37 37,https://www.grottovalle.com,
Huber Vini SA,"Wine wine trade, Winery, Wine store, Wine tasting, Winemakers, Viticulture",https://www.local.ch/en/d/monteggio/6998/wine-wine-trade/huber-vini-sa-YLYBkmSaiWO20sXctxvY1g?dwhat=Wine+tasting&dwhere=Switzerland,5.0,"via Monteggio 77, 6998 Monteggio",,,huber.mont@bluewin.ch,091 608 17 54,https://www.hubervini.ch,https://www.hubervini.ch/it/vino/ordinazione
Jacot Vins SA,"Wine wine trade, Wine store, Wine tasting",https://www.local.ch/en/d/saignelegier/2350/wine-wine-trade/jacot-vins-sa-vvpvV3_wqS7weFYaEdpY9g?dwhat=Wine+tasting&dwhere=Switzerland,3.5,"Chemin des Buissons 4, 2350 Saignelégier",Currently closed,,gerard@jacot-vins.ch,032 951 11 67,http://www.jacot-vins.ch,https://www.jacot-vins.ch/contact
Orologio,"Restaurant, Wine store, Wine tasting, Catering, Italian cuisine, Restaurants according to speciality",https://www.local.ch/en/d/lugano/6900/restaurant/orologio-0c0FX26Lva2kkEb5IW1bGg?dwhat=Wine+tasting&dwhere=Switzerland,4.4,"Via Giovanni Nizzola 2, 6900 Lugano",Currently closed,,,091 923 23 38,http://www.ristoranteorologiolugano.ch,
Borenco,"Pizzeria, Restaurant, Pizza Take Away, Bakery pastry shop, Ice cream parlors, Tea room",https://www.local.ch/en/d/minusio/6648/pizzeria/borenco-wr0Filu_1uikL77rrTT5Tw?dwhat=Pizza+Take+Away&dwhere=Switzerland,4.5,"Via San Gottardo 56, 6648 Minusio",Currently closed,,,091 743 44 67,http://www.ristoranteborenco.ch,http://www.ristoranteborenco.ch
EAT.ch GmbH,"Home delivery service, Pizza delivery, Restaurant, Pizza Take Away, Courier service",https://www.local.ch/en/d/zuerich/8004/home-delivery-service/eat-ch-gmbh-BN5dwXTZ8G1lOXilwHtApA?dwhat=Pizza+Take+Away&dwhere=Switzerland,2.9,"Werdstrasse 21, 8004 Zürich",Currently closed,,info@eat.ch,0848 74 99 21,https://www.eat.ch?utm_source=localch&utm_medium=referral&utm_campaign=localch,https://www.eat.ch?utm_source=localch&utm_medium=referral&utm_campaign=localch
FOODCORNER EBIKON,"Kebab Döner, Pizza Take Away",https://www.local.ch/en/d/ebikon/6030/kebab-doener/foodcorner-ebikon-vC05URH2C3jRlxbdtX7heg?dwhat=Pizza+Take+Away&dwhere=Switzerland,5.0,"Zentralstrasse 2, 6030 Ebikon",Currently closed,,,041 489 08 08,http://www.food-corner-ebikon.ch,
Fulmine,"Pizzeria, Pizza Take Away",https://www.local.ch/en/d/root/6037/pizzeria/fulmine-xMXTsmI7YEuYKBqc6omUBg?dwhat=Pizza+Take+Away&dwhere=Switzerland,5.0,"Luzernerstrasse 2A, 6037 Root",Currently closed,,,041 450 36 36,http://www.fulmine-root.ch,
la Gioconda,"Pizzeria, Restaurant, Bar, Italian cuisine, Restaurants according to speciality, Seminar, Wedding, Pizza Take Away",https://www.local.ch/en/d/cointrin/1216/pizzeria/la-gioconda-YHnLjWE5fJP0AioWDJvBiA?dwhat=Pizza+Take+Away&dwhere=Switzerland,3.7,"Avenue Louis-Casaï 81, 1216 Cointrin",Currently closed,,,022 798 96 05,http://www.restaurant-pizzeria-la-gioconda.ch,
La Tavernetta,"Restaurant, Pizza Take Away, Pizzeria, Italian cuisine, Restaurants according to speciality, Banquet",https://www.local.ch/en/d/agno/6982/restaurant/la-tavernetta-RX4O-QbM23FDo38-FOkQZQ?dwhat=Pizza+Take+Away&dwhere=Switzerland,4.5,"Strada Regina 140, 6982 Agno",Currently closed,,latavernetta.agno@gmail.com,091 604 56 49,http://www.latavernetta.ch,https://www.latavernetta.ch/contatti
le Boccalino,"Restaurant, Takeout, Italian cuisine, Restaurants according to speciality, Pizza Take Away, Pizzeria",https://www.local.ch/en/d/lausanne/1006/restaurant/le-boccalino-yepLnVBgO2srOtGP5pmR4A?dwhat=Pizza+Take+Away&dwhere=Switzerland,4.2,"Avenue d'Ouchy 76, 1006 Lausanne",Currently closed,,,021 616 35 39,http://www.boccalino.ch,
Le Nouveau Monde,"Restaurant, Pizzeria, Bar, Italian cuisine, Restaurants according to speciality, Pizza Take Away",https://www.local.ch/en/d/uvrier/1958/restaurant/le-nouveau-monde-fbm4wsDb-1ZddoKQjGBzOQ?dwhat=Pizza+Take+Away&dwhere=Switzerland,4.6,"Route d'Italie 115, 1958 Uvrier",Currently closed,,,027 346 38 28,http://www.nouveau-monde.ch,
New Point,"Restaurant, Kebab Döner, Pizza Take Away, Oriental cuisine, Restaurants according to speciality",https://www.local.ch/en/d/zuerich/8004/restaurant/new-point-aF-xIUpHgSOsoRM-QA73hw?dwhat=Pizza+Take+Away&dwhere=Switzerland,3.0,"Albisriederplatz 5, 8004 Zürich",,,,043 311 12 12,http://www.new-points.ch,
Pizza 'La Piazza',"Pizza Take Away, Pizzeria, Pizza delivery, Takeout",https://www.local.ch/en/d/solduno/6600/pizza-take-away/pizza-la-piazza-RfH9agZChHK-RuTo-b91oA?dwhat=Pizza+Take+Away&dwhere=Switzerland,4.3,"Piazza Solduno 3, 6600 Solduno",Currently closed,,,091 752 02 20,http://www.pizza-lapiazza.ch,
MU-Food Sàrl,"Takeout, Caterer, Restaurant, Vegetarian cuisine, Restaurants according to speciality",https://www.local.ch/en/d/geneve/1202/takeout/mu-food-sarl-TVxmb5GX5RR-nnOK3HPTaw?dwhat=Vegetarian+Cuisine&dwhere=Switzerland,5.0,"Rue de Lausanne 59, 1202 Genève",Currently closed,,contact@mu-food.ch,079 344 56 86,http://www.mu-food.ch,
Grutli,"Restaurant, Vegetarian cuisine, Restaurants according to speciality, Vegan cuisine",https://www.local.ch/en/d/geneve/1204/restaurant/grutli-k83xhdo1E1W79NseLybb8A?dwhat=Vegetarian+Cuisine&dwhere=Switzerland,4.9,"Rue du Général-Dufour 16, 1204 Genève",,,,,http://www.cafedugrutli.ch,
Baldelli's Catering und Events,"Catering, Banquet, Wedding",https://www.local.ch/en/d/erlenbach-zh/8703/catering/baldelli-s-catering-und-events-NV8vbCPPkomroCepB-KB8Q?dwhat=Catering&dwhere=Switzerland,,"Seestrasse 77, 8703 Erlenbach ZH",,,,076 386 04 94,http://www.baldellis-catering.ch,https://baldellis-catering.ch/kontakt
Bayleaf - Gourmet Indian Restaurant,"Indian cuisine, Restaurants according to speciality, Catering, Takeout, Restaurant",https://www.local.ch/en/d/basel/4055/indian-cuisine/bayleaf-gourmet-indian-restaurant-cpLItobp-4X0Epj-dyktEA?dwhat=Catering&dwhere=Switzerland,4.7,"Spalenring 163, 4055 Basel",Currently closed,,Bayleaf163@gmail.com,061 271 03 47,http://www.bayleafrestaurant.ch,
Beckenburg das Restaurant,"Restaurant, Catering",https://www.local.ch/en/d/schaffhausen/8200/restaurant/beckenburg-das-restaurant-wg--LgRRkIf8wiVbZVIJjg?dwhat=Catering&dwhere=Switzerland,4.6,"Neustadt 1, 8200 Schaffhausen",Currently closed,,info@beckenburg.ch,052 620 12 12,http://www.beckenburg.ch,https://mytools.aleno.me/reservations/v2.0/reservations.html?k=eyJrIjoid2l2dTVrM2lsNm15cnBiOWlwdzZ4bmViajhycnVkaWRpZ280bGZwODBsbzlhNGlweTEiLCJyIjoiaGp1RXVUbXRCd0t5aXN3dXoiLCJzIjoiaHR0cHM6Ly9teXRvb2xzLmFsZW5vLm1lLyJ9&alenoCampaign=Local
Café Restaurant Domino GmbH,"Restaurant, Takeout, Catering",https://www.local.ch/en/d/bern/3011/restaurant/cafe-restaurant-domino-gmbh-90CwD1BTvvBBqjWO-grDGA?dwhat=Catering&dwhere=Switzerland,4.3,"Schwanengasse 3, 3011 Bern",Currently closed,,restaurant_domino@outlook.com,031 311 41 91,http://www.domino-bern.ch,https://domino-bern.ch/reservationen-tisch-reservierung
Catering&Consulting Fabrizo Fabi,"Catering, Hotel",https://www.local.ch/en/d/st-moritz/7500/catering/catering-consulting-fabrizo-fabi-tV_a1QmW4hYR4CJpBWNViw?dwhat=Catering&dwhere=Switzerland,5.0,"Via Signuria 10, 7500 St. Moritz",Open now until 23:00,,,081 525 53 55,https://www.catering-consulting.ch,https://www.booking.com/hotel/ch/b-amp-b-fabi.it.html?label=gen173nr-1DCAsoLEIMYi1hbXAtYi1mYWJpSBRYBGgsiAEBmAEUuAEYyAEM2AED6AEB-AEDiAIBqAIEuALO_aPsBcACAQ;sid=0311e934492bda05c8899ba8abd8d7cd;dist=0&keep_landing=1&sb_price_type=total&type=total&
Cèdre-Bellevue,"Restaurant, Oriental cuisine, Restaurants according to speciality, Takeout, Catering",https://www.local.ch/en/d/zuerich/8001/restaurant/cedre-bellevue-8Cq_bQt-BZ-IsW7dI71FnA?dwhat=Catering&dwhere=Switzerland,4.8,"Schifflände 5, 8001 Zürich",Currently closed,,,044 252 83 70,http://www.libanesisch.ch,
Ceresio,"Hotel, Restaurant, Catering, Conference facilities",https://www.local.ch/en/d/lugano/6900/hotel/ceresio-5jUxq79dX-GxZWCj8NQzig?dwhat=Catering&dwhere=Switzerland,5.0,"Via Serafino Balestra 19, 6900 Lugano",Open now until 21:00,,,091 923 10 44,http://www.hotelceresio.ch,
Gasthof Kreuz Egerkingen,"Hotel, Restaurant, Catering service, Wedding, Seminar, Catering",https://www.local.ch/en/d/egerkingen/4622/hotel/gasthof-kreuz-egerkingen-dTHYhGYqqU35OMgdayI05Q?dwhat=Catering&dwhere=Switzerland,4.4,"Oltnerstrasse 11, 4622 Egerkingen",Currently closed,,,062 398 03 33,http://www.kreuz.ch,
Gasthütte Zoll-Huus,"Restaurant, Banquet, Catering",https://www.local.ch/en/d/huenenberg/6331/restaurant/gasthuette-zoll-huus-G8ji4B0CrAiJ7GfpfekRng?dwhat=Catering&dwhere=Switzerland,4.6,"Zollweid 2, 6331 Hünenberg",Currently closed,,info@zoll-huus.ch,041 780 11 09,http://www.zoll-huus.ch,
Restaurant Maxi Boule,"Restaurant, Turkish cuisine, Restaurants according to speciality",https://www.local.ch/en/d/renens-vd/1020/restaurant/restaurant-maxi-boule-pHFVS_1F8uALN05FCvZmsw?dwhat=Turkish+Cuisine&dwhere=Switzerland,5.0,"Chemin du Chêne 7C, 1020 Renens VD",,,,,http://www.maxiboule.ch,
Casino,"Hotel, Restaurant, Bar",https://www.local.ch/en/d/sierre/3960/hotel/casino-GojACz2uvLTVqOrO6v7tmw?dwhat=Bar&dwhere=Switzerland,4.3,"Avenue Général-Guisan 19, 3960 Sierre",Open now until 00:00,,casinosierre@bluewin.ch,027 451 23 93,http://www.hotelcasinosierre.ch,
Altavilla,"Hotel, Restaurant, Bar, Bed and Breakfast, Banquet",https://www.local.ch/en/d/poschiavo/7742/hotel/altavilla-W5MBIOQG7lWthLhzxWtWFg?dwhat=Bar&dwhere=Switzerland,4.8,"Via da Zurcà 27, 7742 Poschiavo",Open now until 23:00,,,081 844 01 67,http://www.altavilla.ch,
Antica Locanda Lessy 1911,"Restaurant, Bar, Banquet",https://www.local.ch/en/d/gnosca/6525/restaurant/antica-locanda-lessy-1911-SiCZUooolCxG0e_7_Akffg?dwhat=Bar&dwhere=Switzerland,5.0,"Via San Giovan 5, 6525 Gnosca",Currently closed,,anticalocandalessy@gmail.com,091 829 24 51,http://www.facebook.com/LocandaLessy,
Arthur's rivegauche,"Restaurant, Bar",https://www.local.ch/en/d/geneve/1204/restaurant/arthur-s-rivegauche-gYowyhbpZ8dfuFZfaemvHQ?dwhat=Bar&dwhere=Switzerland,2.7,"Rue du Rhône 7, 1204 Genève",Currently closed,,rivegauche@arthurs.ch,022 810 32 60,http://www.arthurs.ch/restaurants/arthurs-rivegauche,
Backstage Hotel Vernissage,"Hotel, Bar",https://www.local.ch/en/d/zermatt/3920/hotel/backstage-hotel-vernissage-1Z4bKHh4bDVpRWeWF28jng?dwhat=Bar&dwhere=Switzerland,,"Hofmattstrasse 4, 3920 Zermatt",,,info@backstagehotel.ch,027 966 69 70,http://www.backstagehotel.ch,http://www.backstagehotel.ch/de/backstage-hotel/zimmer/standart
Bar le Bowling,"Bar, Bowling alley, Darts, Billiards, Pétanque",https://www.local.ch/en/d/crans-montana/3963/bar/bar-le-bowling-eA6m2r-dVc6but7Q2ZQDWg?dwhat=Bar&dwhere=Switzerland,5.0,"Route du Rawyl 42, 3963 Crans-Montana",,,barlebowling@netplus.ch,027 481 50 50,http://www.lebowling.ch,
Baur's,"Bar, Restaurant",https://www.local.ch/en/d/zuerich/8001/bar/baur-s-jspjVLJOSl29aDi3VNmxVw?dwhat=Bar&dwhere=Switzerland,5.0,"Börsenstrasse, 8001 Zürich",Currently closed,,info@baurs-zurich.ch,044 220 50 60,http://www.baurs-zurich.ch,
Beau-Site,"Hotel, Restaurant, Bar",https://www.local.ch/en/d/zermatt/3920/hotel/beau-site-yBWosk-8DW95zQi0S1YNAQ?dwhat=Bar&dwhere=Switzerland,5.0,"Brunnmattgasse 9, 3920 Zermatt",Open now until 23:00,,info@parkhotel-beausite.ch,027 966 68 68,http://www.parkhotel-beausite.ch,https://www.parkhotel-beausite.ch
Bergrestaurant Alpstubli,"Restaurant, Bar",https://www.local.ch/en/d/beckenried/6375/restaurant/bergrestaurant-alpstubli-V987jTf99DE72l_mZBvMuA?dwhat=Bar&dwhere=Switzerland,,"Sunnigrain 11, 6375 Beckenried",Currently closed,,info@alpstubli-klewenalp.ch,041 620 31 44,http://www.alpstubli-klewenalp.ch,
Bistro / Restaurant CAT's Corner,"Restaurant, Bar",https://www.local.ch/en/d/kloten/8302/restaurant/bistro-restaurant-cat-s-corner-jMqVGXSUTXAp7_XI2Jn4tw?dwhat=Bar&dwhere=Switzerland,4.5,"Bimenzältenstrasse GAC, 8302 Kloten",Currently closed,,,043 818 97 63,http://www.cat-aviation.com/de/cats-corner.html,
A-NAM,"Thai cuisine, Restaurants according to speciality, Restaurant, Grocery store, Takeout, Caterer, Catering service, Banquet",https://www.local.ch/en/d/geneve/1205/thai-cuisine/a-nam-Vwi4UkCKJtKy-sXJBpBUvw?dwhat=Thai+Cuisine&dwhere=Switzerland,4.7,"Boulevard de Saint-Georges 66, 1205 Genève",Currently closed,,,022 329 49 44,http://www.a-nam.ch,
Bamboo Delivery,"Takeout, Thai cuisine, Restaurants according to speciality, Home delivery service",https://www.local.ch/en/d/erlenbach-zh/8703/takeout/bamboo-delivery-Xl1sMEDVuIz8e9wfMr01mw?dwhat=Thai+Cuisine&dwhere=Switzerland,5.0,"Seestrasse 77, 8703 Erlenbach ZH",Currently closed,,,043 833 06 77,https://bamboo-delivery.ch/erlenbach/asiatisch,https://bamboo-delivery.ch/warenkorb
Chawi's Malanser Stube,"Restaurant, Thai cuisine, Restaurants according to speciality",https://www.local.ch/en/d/malans-gr/7208/restaurant/chawi-s-malanser-stube-puc7IQHemohhd0hqtiX4kQ?dwhat=Thai+Cuisine&dwhere=Switzerland,3.9,"Karlihofstrasse 2, 7208 Malans GR",Currently closed,,info@chawis-malanserstube.ch,081 322 40 61,http://www.chawis-malanserstube.ch,
Hot Wok,"Restaurant, Catering, Takeout, Chinese cuisine, Restaurants according to speciality, Thai cuisine, Indian cuisine, Japanese cuisine",https://www.local.ch/en/d/regensdorf/8105/restaurant/hot-wok-0WgQmPQL54_F5X3p-TPrNw?dwhat=Thai+Cuisine&dwhere=Switzerland,4.3,"Roosstrasse 40, 8105 Regensdorf",Currently closed,,info@hotwok.ch,044 840 54 07,http://www.hotwok.ch,https://booking.localsearch.ch/bookings/hot-wok-gmbh/locations?locale=de-CH&origin=standalone
Joy's Thai Restaurant,"Thai cuisine, Restaurants according to speciality, Takeout, Restaurant, Catering, Home delivery service",https://www.local.ch/en/d/solothurn/4500/thai-cuisine/joy-s-thai-restaurant-rWVvq3wlVBkGz4lfiULHlA?dwhat=Thai+Cuisine&dwhere=Switzerland,5.0,"Oberer Winkel 7, 4500 Solothurn",Currently closed,,pranee@gmx.ch,032 622 33 06,https://www.joys-thai.ch,
Lanna Thai,"Thai cuisine, Restaurants according to speciality, Restaurant",https://www.local.ch/en/d/geneve/1202/thai-cuisine/lanna-thai-nQMPWinBb7vBFT3Uj4Q9Ow?dwhat=Thai+Cuisine&dwhere=Switzerland,5.0,"Avenue Blanc 42, 1202 Genève",Currently closed,,,022 741 23 50,http://www.lannathai.ch,https://www.lannathai.ch
Le Duo Thaï & Sushi,"Sushi, Japanese cuisine, Restaurants according to speciality, Takeout, Thai cuisine, Restaurant",https://www.local.ch/en/d/lausanne/1005/sushi/le-duo-thai-sushi-ea5NBNkwVw6KYl-9Npj8uA?dwhat=Thai+Cuisine&dwhere=Switzerland,4.7,"Rue Mathurin-Cordier 13, 1005 Lausanne",Currently closed,,,021 324 02 02,http://www.le-duo.ch,
Le Rallye,"Restaurant, Hotel, Takeout, Thai cuisine, Restaurants according to speciality, French cuisine, Sushi",https://www.local.ch/en/d/bulle/1630/restaurant/le-rallye-G0ejlXFJXd82F15Y7s9pjw?dwhat=Thai+Cuisine&dwhere=Switzerland,4.5,"Route de Riaz 16, 1630 Bulle",Open now until 23:30,,welcome@hotelrallye.ch,026 919 80 40,https://www.hotelrallye.ch/fr#,
LY'S ASIA,"Restaurant, Chinese cuisine, Restaurants according to speciality, Thai cuisine, Japanese cuisine, Takeout",https://www.local.ch/en/d/zuerich/8005/restaurant/ly-s-asia-1yn3dxRFxQ7vSTsaTjimJQ?dwhat=Thai+Cuisine&dwhere=Switzerland,4.3,"Zahnradstrasse 21, 8005 Zürich",Currently closed,,contact@lys-asia.ch,044 999 08 08,https://www.lys-asia.ch,
Ming Xuan,"Restaurant, Thai cuisine, Restaurants according to speciality, Chinese cuisine",https://www.local.ch/en/d/lausanne/1003/restaurant/ming-xuan-6Y81-znvajzLOOx2JXlETg?dwhat=Thai+Cuisine&dwhere=Switzerland,4.4,"Rue Caroline 5, 1003 Lausanne",Currently closed,,,021 323 89 10,http://www.mingxuan-resto.ch,
Au détour,"Restaurant, Portuguese cuisine, Restaurants according to speciality",https://www.local.ch/en/d/la-chaux-de-fonds/2300/restaurant/au-detour-caYYJUq5Xmza9qVbsw4kow?dwhat=Portuguese+Cuisine&dwhere=Switzerland,4.8,"Rue du Progrès 37, 2300 La Chaux-de-Fonds",Currently closed,,,032 914 01 61,http://www.audetour.ch,http://audetour.ch/contact.html
Restaurant Alten Löwen,"Restaurant, Swiss cuisine, Restaurants according to speciality, Italian cuisine, Midday table",https://www.local.ch/en/d/zuerich/8006/restaurant/restaurant-alten-loewen-c7cMiFxw1uc9_3UnmxjYrw?dwhat=Swiss+Cuisine&dwhere=Switzerland,4.3,"Universitätstrasse 111, 8006 Zürich",Currently closed,,info@altenloewen.ch,043 343 11 69,http://www.altenloewen.ch,https://altenloewen.ch/reservation
Le Tsalè,"Restaurant, Cheese specialties, Swiss cuisine, Restaurants according to speciality, Banquet",https://www.local.ch/en/d/les-paccots/1619/restaurant/le-tsale-yo0xO2B2SA9xVTp6n3w1IA?dwhat=Swiss+Cuisine&dwhere=Switzerland,4.8,"Route des Dailles 15, 1619 Les Paccots",Currently closed,,,,http://www.tsale.ch/fr,
Al Ponte - Restaurant Pizzeria Terrasse,"Restaurant, Pizzeria, Takeout, Banquet, Swiss cuisine, Restaurants according to speciality, Italian cuisine",https://www.local.ch/en/d/adliswil/8134/restaurant/al-ponte-restaurant-pizzeria-terrasse-OlwGf8T0Dya9-TQmqYqcFA?dwhat=Swiss+Cuisine&dwhere=Switzerland,4.9,"Kronenstrasse 4, 8134 Adliswil",Currently closed,,info@alponte-adliswil.ch,044 709 05 45,http://www.alponte-adliswil.ch,
Anker,"Restaurant, Swiss cuisine, Restaurants according to speciality",https://www.local.ch/en/d/sutz/2572/restaurant/anker-zcCuMFM_DuApxHHpy0JT9g?dwhat=Swiss+Cuisine&dwhere=Switzerland,4.7,"Hauptstrasse 4, 2572 Sutz",Currently closed,,anker.sutz@bluewin.ch,032 397 11 64,http://www.anker-sutz.ch,http://www.anker-sutz.ch/kontakt
Au Petit Chalet,"Restaurant, Swiss cuisine, Restaurants according to speciality",https://www.local.ch/en/d/geneve/1201/restaurant/au-petit-chalet-ItfFwtagbEGv4yAbmOtnSg?dwhat=Swiss+Cuisine&dwhere=Switzerland,3.0,"Rue Chaponnière 14, 1201 Genève",Currently closed,,booksite@aupetitchalet.ch,022 732 69 79,http://www.aupetitchalet.ch,
Auberge du Château,"Restaurant, Pizzeria, Swiss cuisine, Restaurants according to speciality, Banquet",https://www.local.ch/en/d/ependes-fr/1731/restaurant/auberge-du-chateau-hobE-4Bea_7sVmEtAKdLJA?dwhat=Swiss+Cuisine&dwhere=Switzerland,4.8,"Au Village 16, 1731 Ependes FR",Currently closed,,info@auberge-ependes.ch,026 413 28 34,https://www.auberge-ependes.ch,
Aux Trois Amis,"Restaurant, Swiss cuisine, Restaurants according to speciality",https://www.local.ch/en/d/ligerz/2514/restaurant/aux-trois-amis-3HJqKS0ibyaqUkw9BCpElQ?dwhat=Swiss+Cuisine&dwhere=Switzerland,4.6,"Untergasse 17, 2514 Ligerz",Currently closed,,,032 315 11 44,http://www.aux3amis.ch,
Avena,"Restaurant, Swiss cuisine, Restaurants according to speciality",https://www.local.ch/en/d/zermatt/3920/restaurant/avena-oELDBgxHr2BeXD_i-wBDuA?dwhat=Swiss+Cuisine&dwhere=Switzerland,4.0,"Steinmattstrasse 53, 3920 Zermatt",Currently closed,,,027 967 83 33,http://www.avena-zermatt.ch,http://www.avena-zermatt.ch/contact.php
Bar-Restaurant Krone/ Güggeli Oase,"Restaurant, Swiss cuisine, Restaurants according to speciality",https://www.local.ch/en/d/birmensdorf-zh/8903/restaurant/bar-restaurant-krone-gueggeli-oase-kyDj_LApV77EcWzwqIIl8g?dwhat=Swiss+Cuisine&dwhere=Switzerland,4.9,"Stallikonerstrasse 41, 8903 Birmensdorf ZH",,,krone@gueggeli.ch,044 777 79 74,http://www.gueggeli.ch,https://booking.localsearch.ch/bookings/bar-restaurant-krone/services?locale=de-CH&origin=standalone
Bäse Wirtschaft,"Restaurant, Swiss cuisine, Restaurants according to speciality",https://www.local.ch/en/d/ranflueh/3439/restaurant/baese-wirtschaft-X5KqeenUM2UnxO_Mh2mQYg?dwhat=Swiss+Cuisine&dwhere=Switzerland,5.0,"Ranflühberg 1169, 3439 Ranflüh",Currently closed,,,034 496 86 17,http://www.baesewirtschaft.ch,
Stella,"Hotel, Restaurant",https://www.local.ch/en/d/orselina/6644/hotel/stella-L4qVgJASMwAYO0ZhhNVLNg?dwhat=Restaurant%26page%3D2&dwhere=Switzerland,5.0,"Via al Parco 14, 6644 Orselina",Currently closed,,info@hotelstella.ch,091 743 66 81,http://www.hotelstella.ch,https://tbooking.toubiz.de/TDS00020010328502494/tbooking?globalReset=1&lang=de
Casa Aurelio,"Restaurant, Spanish cuisine, Restaurants according to speciality",https://www.local.ch/en/d/zuerich/8005/restaurant/casa-aurelio-bdv05Wgq4l-DXtUtfuDMnQ?dwhat=Spanish+Cuisine&dwhere=Switzerland,3.8,"Langstrasse 209, 8005 Zürich",Currently closed,,,044 272 77 44,https://casaaurelio.ch/de,https://casaaurelio.ch/de/reservation
Restaurant Emilio Weinhandlung AG,"Restaurant, Spanish cuisine, Restaurants according to speciality",https://www.local.ch/en/d/zuerich/8004/restaurant/restaurant-emilio-weinhandlung-ag-Qh87cFuRbqgG70GApIGgEA?dwhat=Spanish+Cuisine&dwhere=Switzerland,,"Zweierstrasse 9, 8004 Zürich",Currently closed,,,044 241 83 21,http://www.emilio-restaurant.ch,
Restaurant Pinocchio,"Restaurant, Spanish cuisine, Restaurants according to speciality",https://www.local.ch/en/d/duebendorf/8600/restaurant/restaurant-pinocchio-AlZjyDGZzRTjau9HjeXKmw?dwhat=Spanish+Cuisine&dwhere=Switzerland,,"Wilstrasse 68, 8600 Dübendorf",Currently closed,,info@pinocchio-duebendorf.ch,043 819 15 19,https://www.pinocchio-duebendorf.ch,
Restaurant Pizzeria Le Yacht,"Restaurant, Pizzeria, Pizza Take Away, Spanish cuisine, Restaurants according to speciality",https://www.local.ch/en/d/soyhieres/2805/restaurant/restaurant-pizzeria-le-yacht-RBNIV8gfMNEjhxKRPw6YUg?dwhat=Spanish+Cuisine&dwhere=Switzerland,5.0,"Chemin du Vorbourg 28, 2805 Soyhières",,,,032 422 16 77,,https://yellow.local.ch/fr/d/Soyhieres/2805/Cafe-Restaurant/Restaurant-Pizzeria-Le-Yacht-RBNIV8gfMNEjhxKRPw6YUg
Restaurant Wolfbach,"Restaurant, Spanish cuisine, Restaurants according to speciality",https://www.local.ch/en/d/zuerich/8032/restaurant/restaurant-wolfbach-SmB6y9tdQSz4otWysvhybg?dwhat=Spanish+Cuisine&dwhere=Switzerland,4.6,"Wolfbachstrasse 35, 8032 Zürich",Currently closed,,info@wolfbach-zh.ch,043 433 00 88,http://www.wolfbach-zh.ch,
Toro Bar,"Bar, Spanish cuisine, Restaurants according to speciality",https://www.local.ch/en/d/zuerich/8004/bar/toro-bar-Ljf4h79bF0w712-1K1eOPQ?dwhat=Spanish+Cuisine&dwhere=Switzerland,4.3,"Schöneggstrasse 25, 8004 Zürich",Currently closed,,info@torobar.com,044 291 52 55,http://www.torobar.com,
le Shogun,"Restaurant, Japanese cuisine, Restaurants according to speciality",https://www.local.ch/en/d/geneve/1207/restaurant/le-shogun-hmUbb1NYO5v-K2hYBUtAJQ?dwhat=Japanese+Cuisine&dwhere=Switzerland,4.6,"Rue du 31-Décembre 16, 1207 Genève",Currently closed,,restaurant.shogun@live.fr,022 736 93 06,http://www.shogun-geneve.ch,
Edo Restaurant Japonais,"Restaurant, Japanese cuisine, Restaurants according to speciality",https://www.local.ch/en/d/randogne/3975/restaurant/edo-restaurant-japonais-gEn499AO3F3uxQLIvyJKeg?dwhat=Japanese+Cuisine&dwhere=Switzerland,4.9,"Route Cantonale Sierre-Montana 43, 3975 Randogne",Currently closed,,,027 481 70 00,http://www.edo-tokyo.ch,https://edo-tokyo.ch/reserve
Fujiya of Japan,"Restaurant, Sushi, Japanese cuisine, Restaurants according to speciality",https://www.local.ch/en/d/zuerich/8002/restaurant/fujiya-of-japan-vO07-PdHr_vlyRPoUUHeGw?dwhat=Japanese+Cuisine&dwhere=Switzerland,4.0,"Tessinerplatz 5, 8002 Zürich",Currently closed,,,044 208 15 55,http://www.fujiya.ch,https://www.ascot.ch/de/die-restaurants/fujiya-of-japan
Honkaku,"Japanese cuisine, Restaurants according to speciality, Sushi",https://www.local.ch/en/d/geneve/1207/japanese-cuisine/honkaku-4rU5T_OJIJpRUy4J6ut8Jw?dwhat=Japanese+Cuisine&dwhere=Switzerland,4.6,"Rue de Montchoisy 21, 1207 Genève",,,,022 736 33 66,https://www.honkaku.ch,
Hot Wok,"Restaurant, Catering, Takeout, Chinese cuisine, Restaurants according to speciality, Thai cuisine, Indian cuisine, Japanese cuisine",https://www.local.ch/en/d/regensdorf/8105/restaurant/hot-wok-0WgQmPQL54_F5X3p-TPrNw?dwhat=Japanese+Cuisine&dwhere=Switzerland,4.3,"Roosstrasse 40, 8105 Regensdorf",Currently closed,,info@hotwok.ch,044 840 54 07,http://www.hotwok.ch,https://booking.localsearch.ch/bookings/hot-wok-gmbh/locations?locale=de-CH&origin=standalone
Japigo,"Takeout, Sushi, Restaurant, Japanese cuisine, Restaurants according to speciality",https://www.local.ch/en/d/bern/3011/takeout/japigo-rWVoP5b6MQvS4rtpi4NF6Q?dwhat=Japanese+Cuisine&dwhere=Switzerland,4.4,"Spitalgasse 33, 3011 Bern",Currently closed,,yokoso@japigo.ch,031 302 01 00,http://www.japigo.ch,
Kyo Sushi Restaurant,"Sushi, Japanese cuisine, Restaurants according to speciality",https://www.local.ch/en/d/geneve/1202/sushi/kyo-sushi-restaurant-ppp2rxkr3y6S1DAFRAdwYg?dwhat=Japanese+Cuisine&dwhere=Switzerland,3.1,"Rue du Grand-Pré 55, 1202 Genève",Currently closed,,,022 733 92 98,http://www.kyosushigeneve.ch,
Le Duo Thaï & Sushi,"Sushi, Japanese cuisine, Restaurants according to speciality, Takeout, Thai cuisine, Restaurant",https://www.local.ch/en/d/lausanne/1005/sushi/le-duo-thai-sushi-ea5NBNkwVw6KYl-9Npj8uA?dwhat=Japanese+Cuisine&dwhere=Switzerland,4.7,"Rue Mathurin-Cordier 13, 1005 Lausanne",Currently closed,,,021 324 02 02,http://www.le-duo.ch,
LY'S ASIA,"Restaurant, Chinese cuisine, Restaurants according to speciality, Thai cuisine, Japanese cuisine, Takeout",https://www.local.ch/en/d/zuerich/8005/restaurant/ly-s-asia-1yn3dxRFxQ7vSTsaTjimJQ?dwhat=Japanese+Cuisine&dwhere=Switzerland,4.3,"Zahnradstrasse 21, 8005 Zürich",Currently closed,,contact@lys-asia.ch,044 999 08 08,https://www.lys-asia.ch,
Misuji,"Japanese cuisine, Restaurants according to speciality, Restaurant, Caterer, Takeout, Sushi",https://www.local.ch/en/d/geneve/1205/japanese-cuisine/misuji-MommaYH_R42u4JnVliUjNQ?dwhat=Japanese+Cuisine&dwhere=Switzerland,4.6,"Boulevard du Pont-d'Arve 49, 1205 Genève",Currently closed,,,022 320 10 00,http://www.misuji.ch,
Casa Ferlin,"Restaurant, Italian cuisine, Restaurants according to speciality",https://www.local.ch/en/d/zuerich/8006/restaurant/casa-ferlin-GXvPAor1ifNfpF0U5PTG0w?dwhat=Italien+Cuisine&dwhere=Switzerland,4.8,"Stampfenbachstrasse 38, 8006 Zürich",Currently closed,,,044 362 35 09,http://www.casaferlin.ch,
Croix-Verte,"Restaurant, Pizzeria, Italian cuisine, Restaurants according to speciality, Takeout",https://www.local.ch/en/d/nyon/1260/restaurant/croix-verte-46U64QUgR066MQt4eGdLyw?dwhat=Italien+Cuisine&dwhere=Switzerland,4.2,"Rue Perdtemps 7, 1260 Nyon",Currently closed,,croixvertenyon@gmail.com,022 361 15 39,http://www.croixverte.ch,
Restaurant Alten Löwen,"Restaurant, Swiss cuisine, Restaurants according to speciality, Italian cuisine, Midday table",https://www.local.ch/en/d/zuerich/8006/restaurant/restaurant-alten-loewen-c7cMiFxw1uc9_3UnmxjYrw?dwhat=Italien+Cuisine&dwhere=Switzerland,4.3,"Universitätstrasse 111, 8006 Zürich",Currently closed,,info@altenloewen.ch,043 343 11 69,http://www.altenloewen.ch,https://altenloewen.ch/reservation
Accademia Del Gusto,"Restaurant, Italian cuisine, Restaurants according to speciality",https://www.local.ch/en/d/zuerich/8004/restaurant/accademia-del-gusto-Z74C2bLqcnEf5-UoFzOR7g?dwhat=Italien+Cuisine&dwhere=Switzerland,4.6,"Rotwandstrasse 48, 8004 Zürich",Currently closed,,,044 241 42 02,http://accademiadelgusto.ch/,
Al Ponte - Restaurant Pizzeria Terrasse,"Restaurant, Pizzeria, Takeout, Banquet, Swiss cuisine, Restaurants according to speciality, Italian cuisine",https://www.local.ch/en/d/adliswil/8134/restaurant/al-ponte-restaurant-pizzeria-terrasse-OlwGf8T0Dya9-TQmqYqcFA?dwhat=Italien+Cuisine&dwhere=Switzerland,4.9,"Kronenstrasse 4, 8134 Adliswil",Currently closed,,info@alponte-adliswil.ch,044 709 05 45,http://www.alponte-adliswil.ch,
Anema e Core,"Italian cuisine, Restaurants according to speciality",https://www.local.ch/en/d/viganello/6962/italian-cuisine/anema-e-core-TijI5kzb4VE7zmA1xgoe9w?dwhat=Italien+Cuisine&dwhere=Switzerland,4.4,"Via Pietro Capelli 2, 6962 Viganello",Currently closed,,events@spaghettigastrogroup.com,091 971 24 36,,https://booking.localsearch.ch/widget/spaghetti-store?locale=it
Antipasti Coppet,"Restaurant, Pizzeria, Takeout, Italian cuisine, Restaurants according to speciality",https://www.local.ch/en/d/coppet/1296/restaurant/antipasti-coppet-Uw0GK686zlLQCpyO2BLXrA?dwhat=Italien+Cuisine&dwhere=Switzerland,4.4,"Place des Perrières 2, 1296 Coppet",Currently closed,,,022 776 77 71,https://www.facebook.com/Restaurant-Pizzeria-Antipasti-Coppet-295515391111178,https://www.facebook.com/pg/Restaurant-Pizzeria-Antipasti-Coppet-295515391111178/about?ref=page_internal
au Charbon,"Restaurant, Pizzeria, Italian cuisine, Restaurants according to speciality",https://www.local.ch/en/d/lausanne/1012/restaurant/au-charbon-PPdSoYBkQrYeQSkzHM3m6A?dwhat=Italien+Cuisine&dwhere=Switzerland,4.6,"Avenue de Chailly 13, 1012 Lausanne",Currently closed,,,021 652 07 93,http://www.pizzacharbon.ch,
Azzurro Terra e Mare,"Italian cuisine, Restaurants according to speciality, Restaurant",https://www.local.ch/en/d/bern/3008/italian-cuisine/azzurro-terra-e-mare-5poFZ82YMe69DQpMb4oHlA?dwhat=Italien+Cuisine&dwhere=Switzerland,4.3,"Murtenstrasse 2, 3008 Bern",Currently closed,,,031 385 85 85,http://www.ristorante-azzurro.ch,https://www.ristorante-azzurro.ch/index.asp?page=italienisches-restaurant-bern
Badalucci Ristorante,"Restaurant, Italian cuisine, Restaurants according to speciality, Fish speciality, Banquet",https://www.local.ch/en/d/lugano/6900/restaurant/badalucci-ristorante-Udk5Jw8v2Ti2hio6kPWLGQ?dwhat=Italien+Cuisine&dwhere=Switzerland,4.9,"Viale Cassarate 3, 6900 Lugano",Currently closed,,info@badalucci.com,091 225 16 49,https://badalucci.com,
Akropolis Greek Restaurant,"Restaurant, Greek cuisine, Restaurants according to speciality",https://www.local.ch/en/d/solothurn/4500/restaurant/akropolis-greek-restaurant-EsiJ-OESVrUllz0B1E4dew?dwhat=Greek+Cuisine&dwhere=Switzerland,4.4,"Kreuzackerstrasse 6, 4500 Solothurn",Currently closed,,info@akropolisgreek.ch,032 621 20 07,http://www.akropolisgreek.ch,https://www.akropolisgreek.ch/reservation
Taverna Amphorea,"Restaurant, Greek cuisine, Restaurants according to speciality",https://www.local.ch/en/d/solothurn/4500/restaurant/taverna-amphorea-q-dyntrVpVdglnxe3urCYA?dwhat=Greek+Cuisine&dwhere=Switzerland,4.7,"Stalden 31, 4500 Solothurn",Currently closed,,,,https://www.taverna-amphorea.ch,
Buffet de la Gare de Céligny,"Restaurant, French cuisine, Restaurants according to speciality",https://www.local.ch/en/d/celigny/1298/restaurant/buffet-de-la-gare-de-celigny-uIUqw5RkCgLLbXT33gyfkg?dwhat=French+Cuisine&dwhere=Switzerland,5.0,"Route de Founex 25, 1298 Céligny",Currently closed,,info@buffet-gare-celigny.ch,022 776 27 70,http://www.buffet-gare-celigny.ch,http://www.buffet-gare-celigny.ch/filets-de-perches-geneve
Brasserie Bärengraben,"Restaurant, French cuisine, Restaurants according to speciality",https://www.local.ch/en/d/bern/3006/restaurant/brasserie-baerengraben-UGEAm0b1EPrPE0sU3AYdtw?dwhat=French+Cuisine&dwhere=Switzerland,4.5,"Grosser Muristalden 1, 3006 Bern",Currently closed,,info@brasseriebaerengraben.ch,031 331 42 18,http://www.brasseriebaerengraben.ch,
Brasserie Obstberg,"French cuisine, Restaurants according to speciality, Restaurant",https://www.local.ch/en/d/bern/3006/french-cuisine/brasserie-obstberg-_MXw5hiD-hGTvVhwVk2Zwg?dwhat=French+Cuisine&dwhere=Switzerland,4.9,"Bantigerstrasse 18, 3006 Bern",Currently closed,,info@brasserie-obstberg.ch,031 352 04 40,http://www.brasserie-obstberg.ch,
Café de Mategnin,"Restaurant, French cuisine, Restaurants according to speciality",https://www.local.ch/en/d/meyrin/1217/restaurant/cafe-de-mategnin-nqgt-g6TX7D_CxD8xpGt8A?dwhat=French+Cuisine&dwhere=Switzerland,4.1,"Avenue A. -F.-Dubois 37, 1217 Meyrin",Currently closed,,,022 782 06 88,http://www.cafedemategnin.com,
Café de Paris-Chez Boubier,"Restaurant, French cuisine, Restaurants according to speciality",https://www.local.ch/en/d/geneve/1201/restaurant/cafe-de-paris-chez-boubier-94IbQib06eXnh7NQNx-l5g?dwhat=French+Cuisine&dwhere=Switzerland,4.4,"Rue du Mont-Blanc 26, 1201 Genève",Currently closed,,cafedeparis@chezboubier.com,022 732 84 50,http://www.chezboubier.com/fr,
Café des Amis,"Restaurant, French cuisine, Restaurants according to speciality",https://www.local.ch/en/d/choulex/1244/restaurant/cafe-des-amis-dXcwTCTAi-WRGYrmNIbLKA?dwhat=French+Cuisine&dwhere=Switzerland,4.8,"Route de Choulex 132, 1244 Choulex",Currently closed,,,022 750 13 39,http://www.cafe-des-amis.ch,https://cafe-des-amis.ch
Café du Levant,"Restaurant, French cuisine, Restaurants according to speciality",https://www.local.ch/en/d/aire-la-ville/1288/restaurant/cafe-du-levant-4xoXL_EatexxDJkaxUiabw?dwhat=French+Cuisine&dwhere=Switzerland,4.7,"Rue du Vieux-Four 53, 1288 Aire-la-Ville",Currently closed,,contact@cafedulevant.ch,022 757 71 50,http://www.cafedulevant.ch,
Café Gallay,"French cuisine, Restaurants according to speciality, Restaurant",https://www.local.ch/en/d/geneve/1205/french-cuisine/cafe-gallay-KjeuYJWjK2ejTsgl_-mzxQ?dwhat=French+Cuisine&dwhere=Switzerland,4.0,"Boulevard de Saint-Georges 42, 1205 Genève",Currently closed,,,022 321 00 35,http://www.cafegallay.com,https://www.cafegallay.com/contact
café restaurant la gare,"Restaurant, French cuisine, Restaurants according to speciality, Caterer",https://www.local.ch/en/d/cully/1096/restaurant/cafe-restaurant-la-gare-0Q2ELTZd0g2qwd4ZXBTo2A?dwhat=French+Cuisine&dwhere=Switzerland,4.5,"Place de la Gare 2, 1096 Cully",Currently closed,,info@lagarecully.ch,021 799 21 24,http://www.lagarecully.ch,
Carnivor du Centre,"Restaurant, French cuisine, Restaurants according to speciality",https://www.local.ch/en/d/geneve/1204/restaurant/carnivor-du-centre-8kcdRpN69wJbsPQX0CLZrQ?dwhat=French+Cuisine&dwhere=Switzerland,4.5,"Rue Neuve-du-Molard 11, 1204 Genève",Currently closed,,info@carnivor.ch,022 310 09 28,http://www.carnivor.ch,
Bayleaf - Gourmet Indian Restaurant,"Indian cuisine, Restaurants according to speciality, Catering, Takeout, Restaurant",https://www.local.ch/en/d/basel/4055/indian-cuisine/bayleaf-gourmet-indian-restaurant-cpLItobp-4X0Epj-dyktEA?dwhat=Indian+Cuisine&dwhere=Switzerland,4.7,"Spalenring 163, 4055 Basel",Currently closed,,Bayleaf163@gmail.com,061 271 03 47,http://www.bayleafrestaurant.ch,
Chalet-India,"Restaurant, Bar, Indian cuisine, Restaurants according to speciality",https://www.local.ch/en/d/horgen/8810/restaurant/chalet-india-5mmknMPXi92HNiFnNOAQmA?dwhat=Indian+Cuisine&dwhere=Switzerland,4.3,"Oberdorfstrasse 51, 8810 Horgen",Currently closed,,,044 725 55 44,http://www.chaletindia.ch,https://www.chaletindia.ch/de/reservation
Hot Wok,"Restaurant, Catering, Takeout, Chinese cuisine, Restaurants according to speciality, Thai cuisine, Indian cuisine, Japanese cuisine",https://www.local.ch/en/d/regensdorf/8105/restaurant/hot-wok-0WgQmPQL54_F5X3p-TPrNw?dwhat=Indian+Cuisine&dwhere=Switzerland,4.3,"Roosstrasse 40, 8105 Regensdorf",Currently closed,,info@hotwok.ch,044 840 54 07,http://www.hotwok.ch,https://booking.localsearch.ch/bookings/hot-wok-gmbh/locations?locale=de-CH&origin=standalone
Indian Restaurant Luzern,"Restaurant, Indian cuisine, Restaurants according to speciality, Home delivery service",https://www.local.ch/en/d/luzern/6003/restaurant/indian-restaurant-luzern-2NCRvb6rrZbVRK79wJQ1aA?dwhat=Indian+Cuisine&dwhere=Switzerland,5.0,"Obergrundstrasse 73, 6003 Luzern",Currently closed,,,041 220 22 48,http://www.indianrestaurantluzern.com,
Kashmir,"Restaurant, Indian cuisine, Restaurants according to speciality, Caterer",https://www.local.ch/en/d/renens-vd/1020/restaurant/kashmir-TgrG785N9xvShYo4VUwSCA?dwhat=Indian+Cuisine&dwhere=Switzerland,3.7,"Rue de la Paix 25, 1020 Renens VD",,,info@restaurant-kashmir.ch,021 636 04 76,http://www.restaurant-kashmir.ch,
Maharaja Palace,"Restaurant, Indian cuisine, Restaurants according to speciality, Takeout, Home delivery service, Catering service, Catering",https://www.local.ch/en/d/bern/3007/restaurant/maharaja-palace-eBOVR9HISIIsv-B88LI_7g?dwhat=Indian+Cuisine&dwhere=Switzerland,4.4,"Morillonstrasse 8, 3007 Bern",Currently closed,,maharaja@bluewin.ch,031 382 64 64,http://www.maharajapalace.ch,
naanu take&eat / restaurant,"Restaurant, Indian cuisine, Restaurants according to speciality",https://www.local.ch/en/d/zuerich/8005/restaurant/naanu-take-eat-restaurant-TGk0pp_KGKxm4BXxgvHFKA?dwhat=Indian+Cuisine&dwhere=Switzerland,4.4,"Pfingstweidstrasse 104, 8005 Zürich",Currently closed,,naanu@naanu.ch,044 271 10 12,http://www.naanu.ch,
RAJPOUTE,"Indian cuisine, Restaurants according to speciality, Restaurant",https://www.local.ch/en/d/geneve/1205/indian-cuisine/rajpoute-TS0zLs51MqIoPfXTtMo2sQ?dwhat=Indian+Cuisine&dwhere=Switzerland,4.8,"Rue de Carouge 77, 1205 Genève",Currently closed,,,022 310 66 77,http://www.rajpoute.ch,
Restaurant Cardamom,"Restaurant, Indian cuisine, Restaurants according to speciality, Takeout",https://www.local.ch/en/d/basel/4051/restaurant/restaurant-cardamom-0U2RX11C0becvXTL0U3Syg?dwhat=Indian+Cuisine&dwhere=Switzerland,4.3,"Barfüsserplatz 17, 4051 Basel",Currently closed,,info@restaurant-cardamom.ch,061 261 57 31,https://www.restaurant-cardamom.ch,https://www.restaurant-cardamom.ch/kontakt
Restaurant Crown of India,"Restaurant, Indian cuisine, Restaurants according to speciality, Catering service, Takeout",https://www.local.ch/en/d/ebmatingen/8123/restaurant/restaurant-crown-of-india-hRwrRKx76ggVpIM6TCDHMg?dwhat=Indian+Cuisine&dwhere=Switzerland,4.7,"Zürichstrasse 105, 8123 Ebmatingen",Currently closed,,,043 499 02 02,http://www.crown-of-india.ch,
ARTISANS VIGNERONS D'YVORNE,"Wine wine trade, Winery, Winemakers",https://www.local.ch/en/d/yvorne/1853/wine-wine-trade/artisans-vignerons-d-yvorne-k0j-pmUpezL_Xk_sxdgbUQ?dwhat=Winery&dwhere=Switzerland,4.8,"Les Maisons Neuves 5, 1853 Yvorne",Currently closed,,info@avy.ch,024 466 23 44,http://www.avy.ch,https://www.avy.ch/fr-5-informations.html
Berthet Laurent,"Wine wine trade, Winemakers, Winery",https://www.local.ch/en/d/cully/1096/wine-wine-trade/berthet-laurent-DQLfEvTurBPFxzXjRN0slQ?dwhat=Winery&dwhere=Switzerland,4.8,"Chemin des Colombaires 32, 1096 Cully",Currently closed,,,021 799 36 30,https://berthet-vins.ch/fr,https://berthet-vins.ch/fr/contact
BIOCAVE Marc Güntert,"Winery, Winemakers",https://www.local.ch/en/d/miege/3972/winery/biocave-marc-guentert-MH2iKLB_TfTlzzxlaMDGQw?dwhat=Winery&dwhere=Switzerland,5.0,"Ancienne route de Sierre 17, 3972 Miège",Currently closed,,info@biocave.ch,027 455 83 21,http://www.biocave.ch,
CANTINA IL CAVALIERE SA,"Wine wine trade, Winemakers, Winery",https://www.local.ch/en/d/contone/6594/wine-wine-trade/cantina-il-cavaliere-sa-5E5YfwkBff8uJxj8iHpPmg?dwhat=Winery&dwhere=Switzerland,5.0,"Via Cantonale 41, 6594 Contone",Currently closed,,info@ilcavaliere.ch,091 858 32 67,http://www.ilcavaliere.ch,http://www.ilcavaliere.ch/i-nostri-vini
Casa Vinicola di Misani Pietro,"Wine wine trade, Winery, Distillery, Wine store, Spirits, Wine tasting",https://www.local.ch/en/d/brusio/7743/wine-wine-trade/casa-vinicola-di-misani-pietro-sL3J1tE0Mr3Qd-rnYJJL5Q?dwhat=Winery&dwhere=Switzerland,3.0,"Via Cantonale 288, 7743 Brusio",,,info@vini-misani.ch,081 846 51 81,http://www.vini-misani.ch,https://www.vini-misani.ch/it/contattarci
Cave à la Cornalle,"Wine wine trade, Winery, Winemakers",https://www.local.ch/en/d/epesses/1098/wine-wine-trade/cave-a-la-cornalle-dGIxOcxbe2WiS5yX-ETKNg?dwhat=Winery&dwhere=Switzerland,5.0,"Chemin de la Bastioule 2, 1098 Epesses",,,info@rouge-vins.ch,021 799 41 22,http://www.rouge-vins.ch,
Cave Alain Emery,"Wine wine trade, Winery, Winemakers",https://www.local.ch/en/d/aigle/1860/wine-wine-trade/cave-alain-emery-OWAIzgK-Mj489bg1C3dSVQ?dwhat=Winery&dwhere=Switzerland,5.0,"Avenue du Cloître 22, 1860 Aigle",Currently closed,,info@cave-emery.ch,024 466 56 71,http://www.cave-emery.ch,https://tportal.toubiz.de/VaudEmotionPartenaires/offer/detail/TDS00020011552086622?globalReset=1&lang=fr
Cave de la Brunière Sàrl,"Wine wine trade, Winery",https://www.local.ch/en/d/st-leonard/1958/wine-wine-trade/cave-de-la-bruniere-sarl-zuEBFxmFVRHdet7pN2LcGw?dwhat=Winery&dwhere=Switzerland,4.7,"Rue du Stand 18, 1958 St-Léonard",Currently closed,,info@bruniere.ch,027 565 13 30,http://www.bruniere.ch,https://www.bruniere.ch/contacter-cave-la-bruniere
Cave des Rois,"Winery, Wine wine trade, Winemakers",https://www.local.ch/en/d/villeneuve-vd/1844/winery/cave-des-rois-C5h0P5aFrwxC9yktckgXQg?dwhat=Winery&dwhere=Switzerland,5.0,"Rue de Chez-les-Rois 2, 1844 Villeneuve VD",,,,021 960 20 38,http://www.cavedesrois.ch,
Chez Chou Paradiso,"Restaurant, Chinese cuisine, Restaurants according to speciality, Takeout",https://www.local.ch/en/d/sion/1950/restaurant/chez-chou-paradiso-qIcNftko1Y8GowGsUkaHpw?dwhat=Chinese+Cuisine&dwhere=Switzerland,4.6,"Espace des Remparts 25, 1950 Sion",Currently closed,,,027 323 23 97,http://www.restaurantchezchou.ch,
China Restaurant Fischermätteli 'Hua Yuan',"Chinese cuisine, Restaurants according to speciality, Restaurant, Takeout",https://www.local.ch/en/d/bern/3008/chinese-cuisine/china-restaurant-fischermaetteli-hua-yuan-cjP7q8FIKKS2U_5Kb2MpCg?dwhat=Chinese+Cuisine&dwhere=Switzerland,4.7,"Holligenstrasse 70, 3008 Bern",Currently closed,,info@fischermaetteli.ch,031 381 37 89,http://www.fischermaetteli.ch,
China Restaurant Jialu National,"Restaurant, Chinese cuisine, Restaurants according to speciality",https://www.local.ch/en/d/luzern/6006/restaurant/china-restaurant-jialu-national-Oc_MHYY-Q15SIcucW3vPnQ?dwhat=Chinese+Cuisine&dwhere=Switzerland,4.5,"Haldenstrasse 4, 6006 Luzern",Currently closed,,national@jialu.ch,041 410 80 38,http://www.jialu.ch,
China Restaurant Jiu Ding,"Restaurant, Chinese cuisine, Restaurants according to speciality, Hotel",https://www.local.ch/en/d/hochdorf/6280/restaurant/china-restaurant-jiu-ding-NXSeb_eb9-bm3rORQaFqkQ?dwhat=Chinese+Cuisine&dwhere=Switzerland,4.6,"Hauptstrasse 21, 6280 Hochdorf",,,info@jiuding.ch,041 811 90 50,http://www.jiuding.ch,
Chinatown,"Chinese cuisine, Restaurants according to speciality, Restaurant",https://www.local.ch/en/d/lausanne/1003/chinese-cuisine/chinatown-7n6m3eFU3ZBcAwi-lNCcWw?dwhat=Chinese+Cuisine&dwhere=Switzerland,4.2,"Rue Grand-St-Jean 1, 1003 Lausanne",Currently closed,,,021 312 39 34,http://www.restaurantchinatown.ch,
Hot Wok,"Restaurant, Catering, Takeout, Chinese cuisine, Restaurants according to speciality, Thai cuisine, Indian cuisine, Japanese cuisine",https://www.local.ch/en/d/regensdorf/8105/restaurant/hot-wok-0WgQmPQL54_F5X3p-TPrNw?dwhat=Chinese+Cuisine&dwhere=Switzerland,4.3,"Roosstrasse 40, 8105 Regensdorf",Currently closed,,info@hotwok.ch,044 840 54 07,http://www.hotwok.ch,https://booking.localsearch.ch/bookings/hot-wok-gmbh/locations?locale=de-CH&origin=standalone
l'Empire du Dragon,"Restaurant, Chinese cuisine, Restaurants according to speciality",https://www.local.ch/en/d/st-sulpice-vd/1025/restaurant/l-empire-du-dragon-uGv9CQWrIvO7N_qXvabGow?dwhat=Chinese+Cuisine&dwhere=Switzerland,4.7,"Route de Vallaire 3B, 1025 St-Sulpice VD",Currently closed,,,021 691 62 42,http://www.empiredragon.ch,http://www.empiredragon.ch/restaurant/index.php/contact-plan.html
le Raisin d'Or,"Restaurant, Chinese cuisine, Restaurants according to speciality",https://www.local.ch/en/d/fribourg/1700/restaurant/le-raisin-d-or-TuexeM7nfcGIwlkwo3j8nA?dwhat=Chinese+Cuisine&dwhere=Switzerland,4.7,"Impasse des Eglantines 1, 1700 Fribourg",Currently closed,,restaurantraisindor@sunrise.ch,026 481 26 73,http://www.raisindor.ch,
LY'S ASIA,"Restaurant, Chinese cuisine, Restaurants according to speciality, Thai cuisine, Japanese cuisine, Takeout",https://www.local.ch/en/d/zuerich/8005/restaurant/ly-s-asia-1yn3dxRFxQ7vSTsaTjimJQ?dwhat=Chinese+Cuisine&dwhere=Switzerland,4.3,"Zahnradstrasse 21, 8005 Zürich",Currently closed,,contact@lys-asia.ch,044 999 08 08,https://www.lys-asia.ch,
Ming Xuan,"Restaurant, Thai cuisine, Restaurants according to speciality, Chinese cuisine",https://www.local.ch/en/d/lausanne/1003/restaurant/ming-xuan-6Y81-znvajzLOOx2JXlETg?dwhat=Chinese+Cuisine&dwhere=Switzerland,4.4,"Rue Caroline 5, 1003 Lausanne",Currently closed,,,021 323 89 10,http://www.mingxuan-resto.ch,
Restaurant Bar à Vin C ça,"Restaurant, Italian cuisine, Restaurants according to speciality",https://www.local.ch/en/d/sion/1950/restaurant/restaurant-bar-a-vin-c-ca-VCLH_FPScF58xSh4k2aZ7A?dwhat=Italien+Cuisine%26page%3D2&dwhere=Switzerland,4.3,"Rue des Tanneries 9, 1950 Sion",Currently closed,,info@c-ca.ch,,http://www.c-ca.ch,
Institut La Forêt de Scissy,"Lymphatic Drainage, Cosmetic institute",https://www.local.ch/en/d/st-maurice/1890/lymphatic-drainage/institut-la-foret-de-scissy-GrO6ZDFLOLT1NbcfLX4i7Q?dwhat=Italien+Cuisine%26page%3D2&dwhere=Switzerland,5.0,"Route du Simplon 58, 1890 St-Maurice",,,info.institutlaforet@gmail.com,,https://www.laforetdescissy.ch,
A-NAM,"Thai cuisine, Restaurants according to speciality, Restaurant, Grocery store, Takeout, Caterer, Catering service, Banquet",https://www.local.ch/en/d/geneve/1205/thai-cuisine/a-nam-Vwi4UkCKJtKy-sXJBpBUvw?dwhat=Caterer&dwhere=Switzerland,4.7,"Boulevard de Saint-Georges 66, 1205 Genève",Currently closed,,,022 329 49 44,http://www.a-nam.ch,
Auberge aux deux sapins,"Hotel, Restaurant, Caterer, Regional products, Oenology, Banquet",https://www.local.ch/en/d/montricher/1147/hotel/auberge-aux-deux-sapins-HwTLBTbh5WPiJ2PkPKUFrg?dwhat=Caterer&dwhere=Switzerland,4.3,"Rue du Bourg 14, 1147 Montricher",Currently closed,,info@2sapins.ch,021 864 00 80,http://www.2sapins.ch,https://www.2sapins.ch
Auberge Communale,"Restaurant, Caterer",https://www.local.ch/en/d/vallorbe/1337/restaurant/auberge-communale-gpa7mzQitiKvdUBbL8xzBA?dwhat=Caterer&dwhere=Switzerland,3.7,"Place du Pont 3, 1337 Vallorbe",Currently closed,,,021 843 12 52,http://www.auberge-communale-vallorbe.ch,
Boucherie Herensia,"Butcher, Sausages, Caterer",https://www.local.ch/en/d/sion/1950/butcher/boucherie-herensia-kckqSVa7-O8IHaN8QhVRDg?dwhat=Caterer&dwhere=Switzerland,4.8,"Rue du Rhône 32, 1950 Sion",Currently closed,,sebastien@herensia.ch,027 322 11 26,http://boucherie-herensia.ch,https://www.boucherie-herensia.ch/contact
Boucherie St-Hubert,"Butcher, Caterer",https://www.local.ch/en/d/le-noirmont/2340/butcher/boucherie-st-hubert-G7fBVDxuoxtci6cFrCW2Nw?dwhat=Caterer&dwhere=Switzerland,4.6,"Rue du 23-Juin 2, 2340 Le Noirmont",Currently closed,,boucherie.sthubert@gmai.com,032 953 11 26,http://www.boucherie-st-hubert.ch,http://www.boucherie-st-hubert.ch/fr/contact-boucherie
Boucherie - Traiteur Esseiva Succ. Marc Décrind,"Butcher, Caterer, Sausages, Wedding, Meat, Catering service",https://www.local.ch/en/d/la-tour-de-treme/1635/butcher/boucherie-traiteur-esseiva-succ-marc-decrind-XuVu8ybviESCpandfVBxzA?dwhat=Caterer&dwhere=Switzerland,4.7,"Rue de l'Ancien Comté 35, 1635 La Tour-de-Trême",Currently closed,,boucherie.esseiva@outlook.com,026 912 72 26,https://www.boucherieesseiva.ch,https://www.boucherieesseiva.ch/nous-contacter
Brasserie du Cerf,"Restaurant, Caterer",https://www.local.ch/en/d/payerne/1530/restaurant/brasserie-du-cerf-ePq9vIp7Vrh1osyNXPtdnQ?dwhat=Caterer&dwhere=Switzerland,5.0,"Rue de Lausanne 1, 1530 Payerne",Currently closed,,leonce@bluewin.ch,026 660 27 46,http://www.au-cerf.ch,
Café Restaurant de la Poste,"Restaurant, Caterer",https://www.local.ch/en/d/saignelegier/2350/restaurant/cafe-restaurant-de-la-poste-S0VtPfXMtn0a6KF-E9cvtg?dwhat=Caterer&dwhere=Switzerland,4.3,"Place du 23-Juin 8, 2350 Saignelégier",Currently closed,,,032 951 11 79,http://www.cafe-restaurant-poste.ch,https://www.cafe-restaurant-poste.ch/nous-contacter
café restaurant la gare,"Restaurant, French cuisine, Restaurants according to speciality, Caterer",https://www.local.ch/en/d/cully/1096/restaurant/cafe-restaurant-la-gare-0Q2ELTZd0g2qwd4ZXBTo2A?dwhat=Caterer&dwhere=Switzerland,4.5,"Place de la Gare 2, 1096 Cully",Currently closed,,info@lagarecully.ch,021 799 21 24,http://www.lagarecully.ch,
Café-Restaurant le Relais,"Restaurant, Caterer, Restaurant equipment rental",https://www.local.ch/en/d/les-avants/1833/restaurant/cafe-restaurant-le-relais-OdSMhbJjt9BgfblVttRawg?dwhat=Caterer&dwhere=Switzerland,4.6,"Route des Narcisses 74, 1833 Les Avants",Currently closed,,,021 981 19 80,http://www.cafe-restaurantlerelais.com,
"Café, Restaurant de la Poste",Restaurant,https://www.local.ch/en/d/damvant/2914/restaurant/cafe-restaurant-de-la-poste-nlQc8Vl5Xtw28eqYY82HEQ?dwhat=French+Cuisine%26page%3D4&dwhere=Switzerland,4.5,"Route Principale 42, 2914 Damvant",Currently closed,,,,http://www.restaurant-la-poste-damvant.ch,
OfficeMed I Centre Médical Georges-Favon,"Medical centre, Emergency services, Physical therapy",https://www.local.ch/en/d/geneve/1204/medical-centre/officemed-i-centre-medical-georges-favon-IpVzZgeeBHxOwSLbYriV-w?dwhat=Caterer%26page%3D2&dwhere=Switzerland,,"Rue des Marbriers 4, 1204 Genève",Currently closed,,,022 311 73 22,https://www.officemed.ch,https://cmgf.officemed.ch/je-veux-un-rdv-medical-cmgf
